"DESCRIPTION","DURATION IN MS","NAME","PARENT SUITE","START TIME","STATUS","STOP TIME","SUB SUITE","SUITE","TEST CLASS","TEST METHOD"
"Test case to verify error handling when a resource does not exist (404 Not Found).","306","test_user_not_found","tests","2026-09-28","failed","2026-09-28","","test_api","",""
"Test case to verify that products are sorted correctly by price from Low to High.","763","test_product_sorting_by_price","tests","2026-09-28","passed","2026-09-28","","test_sorting","",""
"C:\Users\P3720157\PycharmProjects\LearningSeleniumFromScratch\features\login.feature: Failed Login with Invalid Credentials","1766","test_failed_login_with_invalid_credentials[--Epic sadface: Username is required]","tests","2026-09-28","passed","2026-09-28","","test_bdd_login","",""
"Test case to verify successful authentication with valid credentials.","493","test_successful_login","tests.test_ui","2026-09-29","passed","2026-09-29","","test_login","",""
"Test case to verify creating a new user (POST Method).","319","test_create_user","tests","2026-09-28","failed","2026-09-28","","test_api","",""
"Data-driven test matrix covering negative authentication scenarios.","706","test_invalid_login[locked_out_user-secret_sauce-Epic sadface: Sorry, this user has been locked out.]","tests","2026-09-28","passed","2026-09-28","","test_login","",""
"Validează extragerea unui singur utilizator existent.","308","test_api_get_single_user","tests.test_api","2026-09-29","passed","2026-09-29","","test_users_api","",""
"Test case to verify error handling when a resource does not exist (404 Not Found).","318","test_user_not_found","tests.test_api","2026-09-29","passed","2026-09-29","","test_api","",""
"/home/runner/work/LearningSeleniumFromScratch/LearningSeleniumFromScratch/features/purchase.feature: End to End Product Purchase","1368","test_end_to_end_product_purchase","tests.test_ui","2026-09-29","passed","2026-09-29","","test_bdd_purchase","",""
"C:\Users\P3720157\PycharmProjects\LearningSeleniumFromScratch\features\login.feature: Failed Login with Invalid Credentials","1838","test_failed_login_with_invalid_credentials[invalid_user-invalid_password-Epic sadface: Username and password do not match any user in this service]","tests","2026-09-28","passed","2026-09-28","","test_bdd_login","",""
"C:\Users\P3720157\PycharmProjects\LearningSeleniumFromScratch\features\login.feature: Successful Login with Valid Credentials","3327","test_successful_login_with_valid_credentials","tests","2026-09-28","passed","2026-09-28","","test_bdd_login","",""
"Data-driven test matrix covering negative authentication scenarios.","679","test_invalid_login[invalid_user-invalid_password-Epic sadface: Username and password do not match any user in this service]","tests","2026-09-28","passed","2026-09-28","","test_login","",""
"/home/runner/work/LearningSeleniumFromScratch/LearningSeleniumFromScratch/features/login.feature: Failed Login with Invalid Credentials","864","test_failed_login_with_invalid_credentials[locked_out_user-secret_sauce-Epic sadface: Sorry, this user has been locked out.]","tests.test_ui","2026-09-29","passed","2026-09-29","","test_bdd_login","",""
"/home/runner/work/LearningSeleniumFromScratch/LearningSeleniumFromScratch/features/login.feature: Failed Login with Invalid Credentials","894","test_failed_login_with_invalid_credentials[invalid_user-invalid_password-Epic sadface: Username and password do not match any user in this service]","tests.test_ui","2026-09-29","passed","2026-09-29","","test_bdd_login","",""
"Test case simulating access to a protected resource using the authentication Token.","0","test_access_secure_resource","tests","2026-09-28","failed","2026-09-28","","test_api","",""
"Test case to verify creating a new user (POST Method).","313","test_create_user","tests.test_api","2026-09-29","passed","2026-09-29","","test_api","",""
"Test case to verify extracting a list of users (GET Method).","350","test_get_users_list","tests.test_api","2026-09-29","passed","2026-09-29","","test_api","",""
"C:\Users\P3720157\PycharmProjects\LearningSeleniumFromScratch\features\login.feature: Failed Login with Invalid Credentials","1943","test_failed_login_with_invalid_credentials[locked_out_user-secret_sauce-Epic sadface: Sorry, this user has been locked out.]","tests","2026-09-28","passed","2026-09-28","","test_bdd_login","",""
"Data-driven test matrix covering negative authentication scenarios.","707","test_invalid_login[standard_user-invalid_password-Epic sadface: Username and password do not match any user in this service]","tests","2026-09-28","passed","2026-09-28","","test_login","",""
"/home/runner/work/LearningSeleniumFromScratch/LearningSeleniumFromScratch/features/login.feature: Failed Login with Invalid Credentials","880","test_failed_login_with_invalid_credentials[standard_user-invalid_password-Epic sadface: Username and password do not match any user in this service]","tests.test_ui","2026-09-29","passed","2026-09-29","","test_bdd_login","",""
"/home/runner/work/LearningSeleniumFromScratch/LearningSeleniumFromScratch/features/login.feature: Failed Login with Invalid Credentials","829","test_failed_login_with_invalid_credentials[--Epic sadface: Username is required]","tests.test_ui","2026-09-29","passed","2026-09-29","","test_bdd_login","",""
"Test case to verify successful authentication with valid credentials.","713","test_successful_login","tests","2026-09-28","passed","2026-09-28","","test_login","",""
"Validează ștergerea unui utilizator din sistem (status 204 No Content).","313","test_api_delete_user","tests.test_api","2026-09-29","passed","2026-09-29","","test_users_api","",""
"C:\Users\P3720157\PycharmProjects\LearningSeleniumFromScratch\features\purchase.feature: End to End Product Purchase","4670","test_end_to_end_product_purchase","tests","2026-09-28","passed","2026-09-28","","test_bdd_purchase","",""
"Validează un flux pozitiv de autentificare prin API-ul ReqRes.","310","test_api_login_successful","tests.test_api","2026-09-29","passed","2026-09-29","","test_auth_api","",""
"C:\Users\P3720157\PycharmProjects\LearningSeleniumFromScratch\features\login.feature: Failed Login with Invalid Credentials","1815","test_failed_login_with_invalid_credentials[standard_user-invalid_password-Epic sadface: Username and password do not match any user in this service]","tests","2026-09-28","passed","2026-09-28","","test_bdd_login","",""
"Test case to verify extracting a list of users (GET Method).","315","test_get_users_list","tests","2026-09-28","failed","2026-09-28","","test_api","",""
"Test case for updating a user's data (PUT) within a secured environment.","207","test_update_user_secure","tests.test_api","2026-09-29","passed","2026-09-29","","test_api","",""
"/home/runner/work/LearningSeleniumFromScratch/LearningSeleniumFromScratch/features/login.feature: Successful Login with Valid Credentials","6757","test_successful_login_with_valid_credentials","tests.test_ui","2026-09-29","passed","2026-09-29","","test_bdd_login","",""
"Test case to verify that products are sorted correctly by price from Low to High.","680","test_product_sorting_by_price","tests.test_ui","2026-09-29","passed","2026-09-29","","test_sorting","",""
"Test case simulating access to a protected resource using the authentication Token.","312","test_access_secure_resource","tests.test_api","2026-09-29","passed","2026-09-29","","test_api","",""
"Test case for updating a user's data (PUT) within a secured environment.","0","test_update_user_secure","tests","2026-09-28","failed","2026-09-28","","test_api","",""
"Data-driven test matrix covering negative authentication scenarios.","768","test_invalid_login[--Epic sadface: Username is required]","tests","2026-09-28","passed","2026-09-28","","test_login","",""
"Test case to verify a complete user purchase flow using external test data.","3579","test_end_to_end_purchase","tests","2026-09-28","passed","2026-09-28","","test_inventory","",""
"Test case to verify a complete user purchase flow using external test data.","1492","test_end_to_end_purchase","tests.test_ui","2026-09-29","passed","2026-09-29","","test_inventory","",""
"Validează comportamentul API-ului la date de autentificare greșite.","202","test_api_login_invalid_credentials","tests.test_api","2026-09-29","passed","2026-09-29","","test_auth_api","",""
